[
{
  "model": "auth.permission",
  "fields": {
    "name": "Can add log entry",
    "content_type": [
      "admin",
      "logentry"
    ],
    "codename": "add_logentry"
  }
},
{
  "model": "auth.permission",
  "fields": {
    "name": "Can change log entry",
    "content_type": [
      "admin",
      "logentry"
    ],
    "codename": "change_logentry"
  }
},
{
  "model": "auth.permission",
  "fields": {
    "name": "Can delete log entry",
    "content_type": [
      "admin",
      "logentry"
    ],
    "codename": "delete_logentry"
  }
},
{
  "model": "auth.permission",
  "fields": {
    "name": "Can view log entry",
    "content_type": [
      "admin",
      "logentry"
    ],
    "codename": "view_logentry"
  }
},
{
  "model": "auth.permission",
  "fields": {
    "name": "Can add permission",
    "content_type": [
      "auth",
      "permission"
    ],
    "codename": "add_permission"
  }
},
{
  "model": "auth.permission",
  "fields": {
    "name": "Can change permission",
    "content_type": [
      "auth",
      "permission"
    ],
    "codename": "change_permission"
  }
},
{
  "model": "auth.permission",
  "fields": {
    "name": "Can delete permission",
    "content_type": [
      "auth",
      "permission"
    ],
    "codename": "delete_permission"
  }
},
{
  "model": "auth.permission",
  "fields": {
    "name": "Can view permission",
    "content_type": [
      "auth",
      "permission"
    ],
    "codename": "view_permission"
  }
},
{
  "model": "auth.permission",
  "fields": {
    "name": "Can add group",
    "content_type": [
      "auth",
      "group"
    ],
    "codename": "add_group"
  }
},
{
  "model": "auth.permission",
  "fields": {
    "name": "Can change group",
    "content_type": [
      "auth",
      "group"
    ],
    "codename": "change_group"
  }
},
{
  "model": "auth.permission",
  "fields": {
    "name": "Can delete group",
    "content_type": [
      "auth",
      "group"
    ],
    "codename": "delete_group"
  }
},
{
  "model": "auth.permission",
  "fields": {
    "name": "Can view group",
    "content_type": [
      "auth",
      "group"
    ],
    "codename": "view_group"
  }
},
{
  "model": "auth.permission",
  "fields": {
    "name": "Can add user",
    "content_type": [
      "auth",
      "user"
    ],
    "codename": "add_user"
  }
},
{
  "model": "auth.permission",
  "fields": {
    "name": "Can change user",
    "content_type": [
      "auth",
      "user"
    ],
    "codename": "change_user"
  }
},
{
  "model": "auth.permission",
  "fields": {
    "name": "Can delete user",
    "content_type": [
      "auth",
      "user"
    ],
    "codename": "delete_user"
  }
},
{
  "model": "auth.permission",
  "fields": {
    "name": "Can view user",
    "content_type": [
      "auth",
      "user"
    ],
    "codename": "view_user"
  }
},
{
  "model": "auth.permission",
  "fields": {
    "name": "Can add content type",
    "content_type": [
      "contenttypes",
      "contenttype"
    ],
    "codename": "add_contenttype"
  }
},
{
  "model": "auth.permission",
  "fields": {
    "name": "Can change content type",
    "content_type": [
      "contenttypes",
      "contenttype"
    ],
    "codename": "change_contenttype"
  }
},
{
  "model": "auth.permission",
  "fields": {
    "name": "Can delete content type",
    "content_type": [
      "contenttypes",
      "contenttype"
    ],
    "codename": "delete_contenttype"
  }
},
{
  "model": "auth.permission",
  "fields": {
    "name": "Can view content type",
    "content_type": [
      "contenttypes",
      "contenttype"
    ],
    "codename": "view_contenttype"
  }
},
{
  "model": "auth.permission",
  "fields": {
    "name": "Can add session",
    "content_type": [
      "sessions",
      "session"
    ],
    "codename": "add_session"
  }
},
{
  "model": "auth.permission",
  "fields": {
    "name": "Can change session",
    "content_type": [
      "sessions",
      "session"
    ],
    "codename": "change_session"
  }
},
{
  "model": "auth.permission",
  "fields": {
    "name": "Can delete session",
    "content_type": [
      "sessions",
      "session"
    ],
    "codename": "delete_session"
  }
},
{
  "model": "auth.permission",
  "fields": {
    "name": "Can view session",
    "content_type": [
      "sessions",
      "session"
    ],
    "codename": "view_session"
  }
},
{
  "model": "auth.permission",
  "fields": {
    "name": "Can add donor",
    "content_type": [
      "donors",
      "donor"
    ],
    "codename": "add_donor"
  }
},
{
  "model": "auth.permission",
  "fields": {
    "name": "Can change donor",
    "content_type": [
      "donors",
      "donor"
    ],
    "codename": "change_donor"
  }
},
{
  "model": "auth.permission",
  "fields": {
    "name": "Can delete donor",
    "content_type": [
      "donors",
      "donor"
    ],
    "codename": "delete_donor"
  }
},
{
  "model": "auth.permission",
  "fields": {
    "name": "Can view donor",
    "content_type": [
      "donors",
      "donor"
    ],
    "codename": "view_donor"
  }
},
{
  "model": "auth.permission",
  "fields": {
    "name": "Can add request",
    "content_type": [
      "donors",
      "request"
    ],
    "codename": "add_request"
  }
},
{
  "model": "auth.permission",
  "fields": {
    "name": "Can change request",
    "content_type": [
      "donors",
      "request"
    ],
    "codename": "change_request"
  }
},
{
  "model": "auth.permission",
  "fields": {
    "name": "Can delete request",
    "content_type": [
      "donors",
      "request"
    ],
    "codename": "delete_request"
  }
},
{
  "model": "auth.permission",
  "fields": {
    "name": "Can view request",
    "content_type": [
      "donors",
      "request"
    ],
    "codename": "view_request"
  }
},
{
  "model": "auth.permission",
  "fields": {
    "name": "Can add blood inventory",
    "content_type": [
      "donors",
      "bloodinventory"
    ],
    "codename": "add_bloodinventory"
  }
},
{
  "model": "auth.permission",
  "fields": {
    "name": "Can change blood inventory",
    "content_type": [
      "donors",
      "bloodinventory"
    ],
    "codename": "change_bloodinventory"
  }
},
{
  "model": "auth.permission",
  "fields": {
    "name": "Can delete blood inventory",
    "content_type": [
      "donors",
      "bloodinventory"
    ],
    "codename": "delete_bloodinventory"
  }
},
{
  "model": "auth.permission",
  "fields": {
    "name": "Can view blood inventory",
    "content_type": [
      "donors",
      "bloodinventory"
    ],
    "codename": "view_bloodinventory"
  }
},
{
  "model": "auth.permission",
  "fields": {
    "name": "Can add donation",
    "content_type": [
      "donors",
      "donation"
    ],
    "codename": "add_donation"
  }
},
{
  "model": "auth.permission",
  "fields": {
    "name": "Can change donation",
    "content_type": [
      "donors",
      "donation"
    ],
    "codename": "change_donation"
  }
},
{
  "model": "auth.permission",
  "fields": {
    "name": "Can delete donation",
    "content_type": [
      "donors",
      "donation"
    ],
    "codename": "delete_donation"
  }
},
{
  "model": "auth.permission",
  "fields": {
    "name": "Can view donation",
    "content_type": [
      "donors",
      "donation"
    ],
    "codename": "view_donation"
  }
},
{
  "model": "auth.permission",
  "fields": {
    "name": "Can add user profile",
    "content_type": [
      "donors",
      "userprofile"
    ],
    "codename": "add_userprofile"
  }
},
{
  "model": "auth.permission",
  "fields": {
    "name": "Can change user profile",
    "content_type": [
      "donors",
      "userprofile"
    ],
    "codename": "change_userprofile"
  }
},
{
  "model": "auth.permission",
  "fields": {
    "name": "Can delete user profile",
    "content_type": [
      "donors",
      "userprofile"
    ],
    "codename": "delete_userprofile"
  }
},
{
  "model": "auth.permission",
  "fields": {
    "name": "Can view user profile",
    "content_type": [
      "donors",
      "userprofile"
    ],
    "codename": "view_userprofile"
  }
},
{
  "model": "auth.permission",
  "fields": {
    "name": "Can add notification",
    "content_type": [
      "donors",
      "notification"
    ],
    "codename": "add_notification"
  }
},
{
  "model": "auth.permission",
  "fields": {
    "name": "Can change notification",
    "content_type": [
      "donors",
      "notification"
    ],
    "codename": "change_notification"
  }
},
{
  "model": "auth.permission",
  "fields": {
    "name": "Can delete notification",
    "content_type": [
      "donors",
      "notification"
    ],
    "codename": "delete_notification"
  }
},
{
  "model": "auth.permission",
  "fields": {
    "name": "Can view notification",
    "content_type": [
      "donors",
      "notification"
    ],
    "codename": "view_notification"
  }
},
{
  "model": "auth.permission",
  "fields": {
    "name": "Can add user profile",
    "content_type": [
      "core",
      "userprofile"
    ],
    "codename": "add_userprofile"
  }
},
{
  "model": "auth.permission",
  "fields": {
    "name": "Can change user profile",
    "content_type": [
      "core",
      "userprofile"
    ],
    "codename": "change_userprofile"
  }
},
{
  "model": "auth.permission",
  "fields": {
    "name": "Can delete user profile",
    "content_type": [
      "core",
      "userprofile"
    ],
    "codename": "delete_userprofile"
  }
},
{
  "model": "auth.permission",
  "fields": {
    "name": "Can view user profile",
    "content_type": [
      "core",
      "userprofile"
    ],
    "codename": "view_userprofile"
  }
},
{
  "model": "auth.permission",
  "fields": {
    "name": "Can add request",
    "content_type": [
      "core",
      "request"
    ],
    "codename": "add_request"
  }
},
{
  "model": "auth.permission",
  "fields": {
    "name": "Can change request",
    "content_type": [
      "core",
      "request"
    ],
    "codename": "change_request"
  }
},
{
  "model": "auth.permission",
  "fields": {
    "name": "Can delete request",
    "content_type": [
      "core",
      "request"
    ],
    "codename": "delete_request"
  }
},
{
  "model": "auth.permission",
  "fields": {
    "name": "Can view request",
    "content_type": [
      "core",
      "request"
    ],
    "codename": "view_request"
  }
},
{
  "model": "auth.permission",
  "fields": {
    "name": "Can add notification",
    "content_type": [
      "core",
      "notification"
    ],
    "codename": "add_notification"
  }
},
{
  "model": "auth.permission",
  "fields": {
    "name": "Can change notification",
    "content_type": [
      "core",
      "notification"
    ],
    "codename": "change_notification"
  }
},
{
  "model": "auth.permission",
  "fields": {
    "name": "Can delete notification",
    "content_type": [
      "core",
      "notification"
    ],
    "codename": "delete_notification"
  }
},
{
  "model": "auth.permission",
  "fields": {
    "name": "Can view notification",
    "content_type": [
      "core",
      "notification"
    ],
    "codename": "view_notification"
  }
},
{
  "model": "auth.permission",
  "fields": {
    "name": "Can add blood inventory",
    "content_type": [
      "core",
      "bloodinventory"
    ],
    "codename": "add_bloodinventory"
  }
},
{
  "model": "auth.permission",
  "fields": {
    "name": "Can change blood inventory",
    "content_type": [
      "core",
      "bloodinventory"
    ],
    "codename": "change_bloodinventory"
  }
},
{
  "model": "auth.permission",
  "fields": {
    "name": "Can delete blood inventory",
    "content_type": [
      "core",
      "bloodinventory"
    ],
    "codename": "delete_bloodinventory"
  }
},
{
  "model": "auth.permission",
  "fields": {
    "name": "Can view blood inventory",
    "content_type": [
      "core",
      "bloodinventory"
    ],
    "codename": "view_bloodinventory"
  }
},
{
  "model": "auth.permission",
  "fields": {
    "name": "Can add donation",
    "content_type": [
      "core",
      "donation"
    ],
    "codename": "add_donation"
  }
},
{
  "model": "auth.permission",
  "fields": {
    "name": "Can change donation",
    "content_type": [
      "core",
      "donation"
    ],
    "codename": "change_donation"
  }
},
{
  "model": "auth.permission",
  "fields": {
    "name": "Can delete donation",
    "content_type": [
      "core",
      "donation"
    ],
    "codename": "delete_donation"
  }
},
{
  "model": "auth.permission",
  "fields": {
    "name": "Can view donation",
    "content_type": [
      "core",
      "donation"
    ],
    "codename": "view_donation"
  }
},
{
  "model": "auth.user",
  "fields": {
    "password": "pbkdf2_sha256$600000$e6TEEBXxaXyntefivWUQ3l$7VLSGyrqWYjMR9w5bBXU19uAYTynDyhi2VDD2Dfk1a4=",
    "last_login": null,
    "is_superuser": false,
    "username": "testuser",
    "first_name": "",
    "last_name": "",
    "email": "t@example.com",
    "is_staff": false,
    "is_active": true,
    "date_joined": "2025-08-18T16:18:28.742Z",
    "groups": [],
    "user_permissions": []
  }
},
{
  "model": "auth.user",
  "fields": {
    "password": "pbkdf2_sha256$600000$5nmiRzz55gnu76Rt7C5okW$pL5UPt7zSbhv3sMWi2Wejl/eCXmDRas9mndYO+O1fyM=",
    "last_login": null,
    "is_superuser": false,
    "username": "Taher",
    "first_name": "",
    "last_name": "",
    "email": "toushifarhidaislam@gmail.com",
    "is_staff": false,
    "is_active": true,
    "date_joined": "2025-08-18T16:27:14.870Z",
    "groups": [],
    "user_permissions": []
  }
},
{
  "model": "auth.user",
  "fields": {
    "password": "pbkdf2_sha256$600000$FYp8yWYTYx5F8UyEJ17uyx$nYCxc8IsfqgQyWMzHd4r2za9Fdsnqj2hldfTvTOfoUs=",
    "last_login": null,
    "is_superuser": false,
    "username": "Farhida",
    "first_name": "",
    "last_name": "",
    "email": "toushifarhidaislam@gmail.com",
    "is_staff": false,
    "is_active": true,
    "date_joined": "2025-08-18T16:32:53.742Z",
    "groups": [],
    "user_permissions": []
  }
},
{
  "model": "auth.user",
  "fields": {
    "password": "pbkdf2_sha256$600000$wQPqgHgufa7grBL7SNleu7$hPlp8H8vUNPLXaVjfckHJayvUD35dt09aV1jt3e4+CI=",
    "last_login": null,
    "is_superuser": true,
    "username": "toushi",
    "first_name": "",
    "last_name": "",
    "email": "toushi23@gmail.co",
    "is_staff": true,
    "is_active": true,
    "date_joined": "2025-08-18T16:45:02.472Z",
    "groups": [],
    "user_permissions": []
  }
},
{
  "model": "auth.user",
  "fields": {
    "password": "pbkdf2_sha256$600000$CjU47RYUpHLdPOPxj6w7PX$DJzgcNYCV8HhMKM/FHTCD/PIuYmBEa4uuztFRmEkpXw=",
    "last_login": null,
    "is_superuser": false,
    "username": "md_taher_bin_omar_hijbullah",
    "first_name": "Md.",
    "last_name": "Taher Bin Omar Hijbullah",
    "email": "22303142@iubat.edu",
    "is_staff": false,
    "is_active": true,
    "date_joined": "2025-08-19T14:02:32.569Z",
    "groups": [],
    "user_permissions": []
  }
},
{
  "model": "auth.user",
  "fields": {
    "password": "pbkdf2_sha256$600000$kXtL1I6LwnS3AVcddMndMR$i1B1rXvJ39AiM/uajPpiugKj4zA1Ej5yfLNpe+qIeRE=",
    "last_login": null,
    "is_superuser": false,
    "username": "zaved_omar",
    "first_name": "Zaved",
    "last_name": "Omar",
    "email": "hijbullah119445@gmail.com",
    "is_staff": false,
    "is_active": true,
    "date_joined": "2025-08-19T15:09:42.631Z",
    "groups": [],
    "user_permissions": []
  }
},
{
  "model": "auth.user",
  "fields": {
    "password": "pbkdf2_sha256$600000$nHjc6Vo3EJJpdUGuYwxjuX$VnUXrXKv0OxYvRUALKMOsQ/Orf2hh9HSxWwU75yG8qg=",
    "last_login": null,
    "is_superuser": false,
    "username": "kamal_hasan",
    "first_name": "Kamal",
    "last_name": "Hasan",
    "email": "hijbullah.home@gmail.com",
    "is_staff": false,
    "is_active": true,
    "date_joined": "2025-08-20T16:11:09.538Z",
    "groups": [],
    "user_permissions": []
  }
},
{
  "model": "auth.user",
  "fields": {
    "password": "pbkdf2_sha256$600000$jTe8HBooA8igqqnnRtI9GE$h5j+9OgXfNJR5lPOU5gi7qlVP7fA6wRtjmFJ49vpUB8=",
    "last_login": null,
    "is_superuser": false,
    "username": "zaved",
    "first_name": "Zaved",
    "last_name": "",
    "email": "hijbullah.home@gmail.com",
    "is_staff": false,
    "is_active": true,
    "date_joined": "2025-08-20T16:16:09.203Z",
    "groups": [],
    "user_permissions": []
  }
},
{
  "model": "auth.user",
  "fields": {
    "password": "pbkdf2_sha256$600000$83FbOciDvV5EdSrCWb1uEz$aqqIpySbVyu6GNEIiuWNz/b8BU/fmdz18KqConNUktA=",
    "last_login": null,
    "is_superuser": false,
    "username": "arif",
    "first_name": "Arif",
    "last_name": "",
    "email": "ronyarif800@gmail.com",
    "is_staff": false,
    "is_active": true,
    "date_joined": "2025-08-21T18:06:05.638Z",
    "groups": [],
    "user_permissions": []
  }
},
{
  "model": "auth.user",
  "fields": {
    "password": "pbkdf2_sha256$600000$2x1ooosAtafNtRmLCr7Z1E$QTwFlz4rT1IzWMpI5xUkMKAyq258ZYCHDrKWiYMkhzA=",
    "last_login": null,
    "is_superuser": false,
    "username": "udoy",
    "first_name": "Udoy",
    "last_name": "",
    "email": "zaved70965@gmail.com",
    "is_staff": false,
    "is_active": true,
    "date_joined": "2025-08-21T18:31:01.610Z",
    "groups": [],
    "user_permissions": []
  }
},
{
  "model": "auth.user",
  "fields": {
    "password": "pbkdf2_sha256$600000$bhHMFhclrc8fdb8pa27VJZ$XnH0DwMDVaEG3dL5tIyZgrJ3dxWAth5/dW0Buxn8tqw=",
    "last_login": null,
    "is_superuser": false,
    "username": "fahmida_2",
    "first_name": "fahmida",
    "last_name": "",
    "email": "2260cse01033@manarat.ac.bd",
    "is_staff": false,
    "is_active": true,
    "date_joined": "2025-08-22T05:45:32.728Z",
    "groups": [],
    "user_permissions": []
  }
},
{
  "model": "auth.user",
  "fields": {
    "password": "pbkdf2_sha256$600000$ErDqWXNneCSRykRuVtKdG5$ThHpkQNrn4N0i1Wii0lF0sQicL5NqegvmUL86ro4xSM=",
    "last_login": null,
    "is_superuser": false,
    "username": "alice",
    "first_name": "Alice",
    "last_name": "Khan",
    "email": "alice@example.com",
    "is_staff": false,
    "is_active": true,
    "date_joined": "2025-08-22T07:08:00.104Z",
    "groups": [],
    "user_permissions": []
  }
},
{
  "model": "auth.user",
  "fields": {
    "password": "pbkdf2_sha256$600000$gJRI3DFZkpXTeKyLiirBc2$j+zA8k0obxowj/QmCjQW6IAalkLVqd2J7GsNLYN0cM0=",
    "last_login": null,
    "is_superuser": false,
    "username": "bob",
    "first_name": "Bob",
    "last_name": "Rahman",
    "email": "bob@example.com",
    "is_staff": false,
    "is_active": true,
    "date_joined": "2025-08-22T07:08:17.380Z",
    "groups": [],
    "user_permissions": []
  }
},
{
  "model": "auth.user",
  "fields": {
    "password": "pbkdf2_sha256$600000$QnGpcLSL3Wxm4beoIktiUK$pxVgCapoouRIfadLrcppUFMvjzpGZdQASQMjE5Iddvg=",
    "last_login": null,
    "is_superuser": false,
    "username": "charlie",
    "first_name": "Charlie",
    "last_name": "Das",
    "email": "charlie@example.com",
    "is_staff": false,
    "is_active": true,
    "date_joined": "2025-08-22T07:08:18.029Z",
    "groups": [],
    "user_permissions": []
  }
},
{
  "model": "core.userprofile",
  "pk": 6,
  "fields": {
    "user": [
      "testuser"
    ],
    "phone": "11111",
    "blood_group": "O+",
    "last_donation": "2025-08-15",
    "district": "Bandarban",
    "share_phone": true,
    "donated_recently": false,
    "not_ready": false
  }
},
{
  "model": "core.userprofile",
  "pk": 8,
  "fields": {
    "user": [
      "Taher"
    ],
    "phone": "01748470965",
    "blood_group": "O+",
    "last_donation": null,
    "district": "Dhaka",
    "share_phone": true,
    "donated_recently": false,
    "not_ready": false
  }
},
{
  "model": "core.userprofile",
  "pk": 9,
  "fields": {
    "user": [
      "Farhida"
    ],
    "phone": "",
    "blood_group": "A+",
    "last_donation": "2025-08-07",
    "district": "Kushtia",
    "share_phone": false,
    "donated_recently": false,
    "not_ready": false
  }
},
{
  "model": "core.userprofile",
  "pk": 10,
  "fields": {
    "user": [
      "toushi"
    ],
    "phone": "123456",
    "blood_group": "A+",
    "last_donation": null,
    "district": "Cumilla",
    "share_phone": true,
    "donated_recently": false,
    "not_ready": true
  }
},
{
  "model": "core.userprofile",
  "pk": 11,
  "fields": {
    "user": [
      "md_taher_bin_omar_hijbullah"
    ],
    "phone": "01572915531",
    "blood_group": "O+",
    "last_donation": null,
    "district": "Narsingdi",
    "share_phone": true,
    "donated_recently": false,
    "not_ready": true
  }
},
{
  "model": "core.userprofile",
  "pk": 12,
  "fields": {
    "user": [
      "zaved_omar"
    ],
    "phone": "",
    "blood_group": "O+",
    "last_donation": "2025-08-19",
    "district": "Narsingdi",
    "share_phone": false,
    "donated_recently": true,
    "not_ready": true
  }
},
{
  "model": "core.userprofile",
  "pk": 13,
  "fields": {
    "user": [
      "kamal_hasan"
    ],
    "phone": "01572915532",
    "blood_group": "AB+",
    "last_donation": null,
    "district": "Barishal",
    "share_phone": true,
    "donated_recently": false,
    "not_ready": false
  }
},
{
  "model": "core.userprofile",
  "pk": 14,
  "fields": {
    "user": [
      "zaved"
    ],
    "phone": "",
    "blood_group": "O+",
    "last_donation": null,
    "district": "Bhola",
    "share_phone": false,
    "donated_recently": false,
    "not_ready": false
  }
},
{
  "model": "core.userprofile",
  "pk": 15,
  "fields": {
    "user": [
      "arif"
    ],
    "phone": "",
    "blood_group": "B-",
    "last_donation": null,
    "district": "Gazipur",
    "share_phone": false,
    "donated_recently": false,
    "not_ready": false
  }
},
{
  "model": "core.userprofile",
  "pk": 16,
  "fields": {
    "user": [
      "udoy"
    ],
    "phone": "12344",
    "blood_group": "O-",
    "last_donation": "2025-08-08",
    "district": "Bogura",
    "share_phone": false,
    "donated_recently": true,
    "not_ready": true
  }
},
{
  "model": "core.userprofile",
  "pk": 17,
  "fields": {
    "user": [
      "fahmida_2"
    ],
    "phone": "2222",
    "blood_group": "A-",
    "last_donation": "2025-08-22",
    "district": "Barishal",
    "share_phone": true,
    "donated_recently": false,
    "not_ready": false
  }
},
{
  "model": "core.userprofile",
  "pk": 19,
  "fields": {
    "user": [
      "alice"
    ],
    "phone": "",
    "blood_group": "A+",
    "last_donation": null,
    "district": "Dhaka",
    "share_phone": false,
    "donated_recently": false,
    "not_ready": false
  }
},
{
  "model": "core.userprofile",
  "pk": 20,
  "fields": {
    "user": [
      "bob"
    ],
    "phone": "",
    "blood_group": "B+",
    "last_donation": null,
    "district": "Chittagong",
    "share_phone": false,
    "donated_recently": false,
    "not_ready": false
  }
},
{
  "model": "core.userprofile",
  "pk": 21,
  "fields": {
    "user": [
      "charlie"
    ],
    "phone": "",
    "blood_group": "O+",
    "last_donation": null,
    "district": "Sylhet",
    "share_phone": false,
    "donated_recently": false,
    "not_ready": false
  }
},
{
  "model": "core.request",
  "pk": 1,
  "fields": {
    "user": [
      "md_taher_bin_omar_hijbullah"
    ],
    "blood_group": "O+",
    "city": null,
    "urgency": null,
    "hospital": "",
    "cause": "",
    "address": "",
    "contact_info": "123",
    "status": "collected",
    "accepted_by": [
      "md_taher_bin_omar_hijbullah"
    ],
    "created_at": "2025-08-19T14:50:41.457Z"
  }
},
{
  "model": "core.request",
  "pk": 2,
  "fields": {
    "user": [
      "zaved_omar"
    ],
    "blood_group": "O+",
    "city": null,
    "urgency": null,
    "hospital": "",
    "cause": "Blood infection",
    "address": "",
    "contact_info": "123",
    "status": "collected",
    "accepted_by": [
      "md_taher_bin_omar_hijbullah"
    ],
    "created_at": "2025-08-19T15:14:56.116Z"
  }
},
{
  "model": "core.request",
  "pk": 3,
  "fields": {
    "user": [
      "zaved_omar"
    ],
    "blood_group": "O+",
    "city": null,
    "urgency": null,
    "hospital": "",
    "cause": "Blood infection",
    "address": "",
    "contact_info": "123",
    "status": "collected",
    "accepted_by": [
      "md_taher_bin_omar_hijbullah"
    ],
    "created_at": "2025-08-19T15:21:39.762Z"
  }
},
{
  "model": "core.request",
  "pk": 4,
  "fields": {
    "user": [
      "md_taher_bin_omar_hijbullah"
    ],
    "blood_group": "O+",
    "city": null,
    "urgency": null,
    "hospital": "",
    "cause": "Blood infection",
    "address": "",
    "contact_info": "123",
    "status": "collected",
    "accepted_by": null,
    "created_at": "2025-08-19T15:33:03.002Z"
  }
},
{
  "model": "core.request",
  "pk": 5,
  "fields": {
    "user": [
      "toushi"
    ],
    "blood_group": "A+",
    "city": null,
    "urgency": null,
    "hospital": "",
    "cause": "",
    "address": "",
    "contact_info": "sdfsf",
    "status": "open",
    "accepted_by": null,
    "created_at": "2025-08-19T18:18:11.770Z"
  }
},
{
  "model": "core.request",
  "pk": 6,
  "fields": {
    "user": [
      "md_taher_bin_omar_hijbullah"
    ],
    "blood_group": "AB+",
    "city": null,
    "urgency": null,
    "hospital": "ABC",
    "cause": "Blood infection",
    "address": "Uttara",
    "contact_info": "01748470965",
    "status": "open",
    "accepted_by": null,
    "created_at": "2025-08-20T16:13:42.169Z"
  }
},
{
  "model": "core.request",
  "pk": 7,
  "fields": {
    "user": [
      "md_taher_bin_omar_hijbullah"
    ],
    "blood_group": "O+",
    "city": null,
    "urgency": null,
    "hospital": "ABC",
    "cause": "Blood infection",
    "address": "Uttara",
    "contact_info": "01748470965",
    "status": "collected",
    "accepted_by": [
      "md_taher_bin_omar_hijbullah"
    ],
    "created_at": "2025-08-20T16:15:06.696Z"
  }
},
{
  "model": "core.notification",
  "pk": 1,
  "fields": {
    "user": [
      "testuser"
    ],
    "request": 1,
    "message": "Blood request for O+ at unknown location",
    "read": false,
    "created_at": "2025-08-19T14:50:41.584Z"
  }
},
{
  "model": "core.notification",
  "pk": 2,
  "fields": {
    "user": [
      "Taher"
    ],
    "request": 1,
    "message": "Blood request for O+ at unknown location",
    "read": false,
    "created_at": "2025-08-19T14:50:41.737Z"
  }
},
{
  "model": "core.notification",
  "pk": 3,
  "fields": {
    "user": [
      "md_taher_bin_omar_hijbullah"
    ],
    "request": 1,
    "message": "Blood request for O+ at unknown location",
    "read": false,
    "created_at": "2025-08-19T14:50:41.882Z"
  }
},
{
  "model": "core.notification",
  "pk": 5,
  "fields": {
    "user": [
      "testuser"
    ],
    "request": 2,
    "message": "Blood needed",
    "read": false,
    "created_at": "2025-08-19T15:14:56.370Z"
  }
},
{
  "model": "core.notification",
  "pk": 6,
  "fields": {
    "user": [
      "Taher"
    ],
    "request": 2,
    "message": "Blood needed",
    "read": false,
    "created_at": "2025-08-19T15:14:56.501Z"
  }
},
{
  "model": "core.notification",
  "pk": 7,
  "fields": {
    "user": [
      "md_taher_bin_omar_hijbullah"
    ],
    "request": 2,
    "message": "Blood needed",
    "read": false,
    "created_at": "2025-08-19T15:14:56.614Z"
  }
},
{
  "model": "core.notification",
  "pk": 8,
  "fields": {
    "user": [
      "zaved_omar"
    ],
    "request": 2,
    "message": "Blood needed",
    "read": false,
    "created_at": "2025-08-19T15:14:56.731Z"
  }
},
{
  "model": "core.notification",
  "pk": 9,
  "fields": {
    "user": [
      "md_taher_bin_omar_hijbullah"
    ],
    "request": 1,
    "message": "Your request was accepted by Md. Taher Bin Omar Hijbullah. Contact: 22303142@iubat.edu | 01572915531",
    "read": false,
    "created_at": "2025-08-19T15:15:27.122Z"
  }
},
{
  "model": "core.notification",
  "pk": 10,
  "fields": {
    "user": [
      "md_taher_bin_omar_hijbullah"
    ],
    "request": 1,
    "message": "Requester marked the request as collected",
    "read": false,
    "created_at": "2025-08-19T15:16:03.486Z"
  }
},
{
  "model": "core.notification",
  "pk": 11,
  "fields": {
    "user": [
      "zaved_omar"
    ],
    "request": 2,
    "message": "Your request was accepted by Md. Taher Bin Omar Hijbullah. Contact: 22303142@iubat.edu | 01572915531",
    "read": false,
    "created_at": "2025-08-19T15:16:10.287Z"
  }
},
{
  "model": "core.notification",
  "pk": 12,
  "fields": {
    "user": [
      "md_taher_bin_omar_hijbullah"
    ],
    "request": 2,
    "message": "Requester marked the request as collected",
    "read": false,
    "created_at": "2025-08-19T15:17:15.357Z"
  }
},
{
  "model": "core.notification",
  "pk": 27,
  "fields": {
    "user": [
      "toushi"
    ],
    "request": 5,
    "message": "Blood needed",
    "read": false,
    "created_at": "2025-08-19T18:18:11.866Z"
  }
},
{
  "model": "core.donation",
  "pk": 1,
  "fields": {
    "user": [
      "zaved_omar"
    ],
    "blood_group": "O+",
    "hospital": "Unknown",
    "units_donated": 1,
    "donation_date": "2025-08-19T15:33:31.121Z"
  }
},
{
  "model": "core.donation",
  "pk": 2,
  "fields": {
    "user": [
      "md_taher_bin_omar_hijbullah"
    ],
    "blood_group": "O+",
    "hospital": "ABC",
    "units_donated": 1,
    "donation_date": "2025-08-20T16:17:24.634Z"
  }
}
]
